Flight No.,Launch site,Payload,Payload mass,Orbit,Customer,Launch outcome,Version Booster,Booster landing,Date,Time
286,Vandenberg,Starlink,"~16,800 kg",LEO,SpaceX,"Success
",F9B5,Success (,"January 3, 2024",03:44
287,Cape Canaveral,Ovzon-3,"1,800 kg",GTO,Ovzon,"Success
",F9B5,Success (,"January 3, 2024",23:04
288,Cape Canaveral,Starlink,"~17,100 kg",LEO,SpaceX,"Success
",F9B5,Success (,"January 7, 2024",22:35
289,Vandenberg,Starlink,"~16,700 kg",LEO,SpaceX,"Success
",F9B5,Success (,"January 14, 2024",08:59
290,Cape Canaveral,Starlink,"~17,100 kg",LEO,SpaceX,"Success
",F9B5,Success (,"January 15, 2024",01:52
291,Kennedy,Ax-3,"~13,000 kg",LEO,Axiom Space,"Success
",F9B5,Success (,"January 18, 2024",21:49
292,Vandenberg,Starlink,"~16,700 kg",LEO,SpaceX,"Success
",F9B5,Success (,"January 24, 2024",00:35
293,Kennedy,Starlink,"~17,100 kg",LEO,SpaceX,"Success
",F9B5,Success (,"January 29, 2024",01:10
294,Vandenberg,Starlink,"~16,700 kg",LEO,SpaceX,"Success
",F9B5,Success (,"January 29, 2024",05:57
295,Cape Canaveral,"CRS NG-20 (S.S. Patricia ""Patty"" Hilliard Robertson)","3,726 kg",LEO,Northrop Grumman,"Success
",F9B5,Success (,"January 30, 2024",17:07
296,Cape Canaveral,PACE,"1,694 kg",SSO,NASA,"Success
",F9B5,Success (,"February 8, 2024",06:33
297,Vandenberg,Starlink,"~16,700 kg",LEO,SpaceX,"Success
",F9B5,Success (,"February 10, 2024",00:34
298,Cape Canaveral,,U,LEO,USSF,"Success
",F9B5,Success (,"February 14, 2024",22:30
299,Kennedy,IM-1,"1,931 kg",TLI,NASA,"Success
",F9B5,Success (,"February 15, 2024",06:05
300,Vandenberg,Starlink,"~16,700 kg",LEO,SpaceX,"Success
",F9B5,Success (,"February 15, 2024",21:34
301,Cape Canaveral,Telkomsat HTS 113BT,"4,000 kg",GTO,Telkom Indonesia,"Success
",F9B5,Success (,"February 20, 2024",20:11
302,Vandenberg,Starlink,"~16,700 kg",LEO,SpaceX,"Success
",F9B5,Success (,"February 23, 2024",04:11
303,Cape Canaveral,Starlink,"~17,500 kg",LEO,SpaceX,"Success
",F9B5,Success (,"February 25, 2024",22:06
304,Cape Canaveral,Starlink,"~17,100 kg",LEO,SpaceX,"Success
",F9B5,Success (,"February 29, 2024",15:30
305,Kennedy,Crew-8,"~13,000 kg",LEO,NASA,"Success
",F9B5,Success (,"March 4, 2024",03:53
306,Vandenberg,Transporter-10,U,SSO,,"Success
",F9B5,Success (,"March 4, 2024",22:05
307,Cape Canaveral,Starlink,"~17,100 kg",LEO,SpaceX,"Success
",F9B5,Success (,"March 4, 2024",23:56
308,Cape Canaveral,Starlink,"~17,100 kg",LEO,SpaceX,"Success
",F9B5,Success (,"March 10, 2024",23:05
309,Vandenberg,Starlink,"~17,100 kg",LEO,SpaceX,"Success
",F9B5,Success (,"March 11, 2024",04:09
310,Kennedy,Starlink,"~17,100 kg",LEO,SpaceX,"Success
",F9B5,Success (,"March 16, 2024",00:21
311,Vandenberg,Starlink,"~16,300 kg",LEO,SpaceX,"Success
",F9B5,Success (,"March 19, 2024",02:28
312,Cape Canaveral,SpaceX CRS-30,"2,721 kg",LEO,NASA,"Success
",F9B5,Success (,"March 21, 2024",20:55
313,Kennedy,Starlink,"~17,100 kg",LEO,SpaceX,"Success
",F9B5,Success (,"March 24, 2024",03:09
314,Cape Canaveral,Starlink,"~17,100 kg",LEO,SpaceX,"Success
",F9B5,Success (,"March 25, 2024",23:42
315,Kennedy,Eutelsat 36D,"5,000 kg",GTO,Eutelsat,"Success
",F9B5,Success (,"March 30, 2024",21:52
316,Cape Canaveral,Starlink,"~17,100 kg",LEO,SpaceX,"Success
",F9B5,Success (,"March 31, 2024",01:30
317,Vandenberg,Starlink,"~16,700 kg",LEO,SpaceX,"Success
",F9B5,Success (,"April 2, 2024",02:30
318,Cape Canaveral,Starlink,"~17,100 kg",LEO,SpaceX,"Success
",F9B5,Success (,"April 5, 2024",09:12
319,Vandenberg,Starlink,"~16,800 kg",LEO,SpaceX,"Success
",F9B5,Success (,"April 7, 2024",02:25
320,Kennedy,Bandwagon-1,U,LEO,Republic of Korea Armed Forces,"Success
",F9B5,Success (,"April 7, 2024",23:16
321,Cape Canaveral,Starlink,"~17,100 kg",LEO,SpaceX,"Success
",F9B5,Success (,"April 10, 2024",05:40
322,Vandenberg,WSF-M 1,"1,200 kg",SSO,USSF,"Success
",F9B5,Success (,"April 11, 2024",14:25
323,Cape Canaveral,Starlink,"~17,100 kg",LEO,SpaceX,"Success
",F9B5,Success (,"April 13, 2024",01:40
324,Kennedy,Starlink,"~17,100 kg",LEO,SpaceX,"Success
",F9B5,Success (,"April 17, 2024",21:26
325,Cape Canaveral,Starlink,"~17,100 kg",LEO,SpaceX,"Success
",F9B5,Success (,"April 18, 2024",22:40
326,Cape Canaveral,Starlink,"~17,100 kg",LEO,SpaceX,"Success
",F9B5,Success (,"April 23, 2024",22:17
327,Kennedy,Galileo,"1,600 kg",MEO,ESA,"Success
",F9B5,"No attempt
","April 28, 2024",00:34
328,Cape Canaveral,Starlink,"~17,100 kg",LEO,SpaceX,"Success
",F9B5,Success (,"April 28, 2024",22:08
329,Vandenberg,WorldView Legion,"1,500 kg",SSO,Maxar Technologies,"Success
",F9B5,Success (,"May 2, 2024",18:36
330,Cape Canaveral,Starlink,"~17,100 kg",LEO,SpaceX,"Success
",F9B5,Success (,"May 3, 2024",02:37
331,Cape Canaveral,Starlink,"~17,100 kg",LEO,SpaceX,"Success
",F9B5,Success (,"May 6, 2024",18:14
332,Kennedy,Starlink,"~17,100 kg",LEO,SpaceX,"Success
",F9B5,Success (,"May 8, 2024",18:42
333,Vandenberg,Starlink,"~16,300 kg",LEO,SpaceX,"Success
",F9B5,Success (,"May 10, 2024",04:30
334,Cape Canaveral,Starlink,"~17,100 kg",LEO,SpaceX,"Success
",F9B5,Success (,"May 13, 2024",00:53
335,Vandenberg,Starlink,"~16,300 kg",LEO,SpaceX,"Success
",F9B5,Success (,"May 14, 2024",18:39
336,Cape Canaveral,Starlink,"~17,100 kg",LEO,SpaceX,"Success
",F9B5,Success (,"May 18, 2024",00:32
337,Vandenberg,Starshield,U,SSO,Northrop Grumman,"Success
",F9B5,Success (,"May 22, 2024",08:00
338,Cape Canaveral,Starlink,"~17,100 kg",LEO,SpaceX,"Success
",F9B5,Success (,"May 23, 2024",02:35
339,Kennedy,Starlink,"~17,100 kg",LEO,SpaceX,"Success
",F9B5,Success (,"May 24, 2024",02:45
340,Cape Canaveral,Starlink,"~17,100 kg",LEO,SpaceX,"Success
",F9B5,Success (,"May 28, 2024",14:24
341,Vandenberg,EarthCARE,"2,350 kg",SSO,ESA,"Success
",F9B5,Success (,"May 28, 2024",22:20
342,Cape Canaveral,Starlink,"~17,100 kg",LEO,SpaceX,"Success
",F9B5,Success (,"June 1, 2024",02:37
343,Cape Canaveral,Starlink,"~16,300 kg",LEO,SpaceX,"Success
",F9B5,Success (,"June 5, 2024",02:16
344,Cape Canaveral,Starlink,"~16,700 kg",LEO,SpaceX,"Success
",F9B5,Success (,"June 8, 2024",01:56
345,Vandenberg,Starlink,"~16,300 kg",LEO,SpaceX,"Success
",F9B5,Success (,"June 8, 2024",12:58
346,Vandenberg,Starlink,"~16,300 kg",LEO,SpaceX,"Success
",F9B5,Success (,"June 19, 2024",03:40
347,Cape Canaveral,Astra 1P,"5,000 kg",GTO,SES,"Success
",F9B5,Success (,"June 20, 2024",21:35
348,Cape Canaveral,Starlink,"~16,700 kg",LEO,SpaceX,"Success
",F9B5,Success (,"June 23, 2024",17:15
349,Vandenberg,Starlink,"~16,300 kg",LEO,SpaceX,"Success
",F9B5,Success (,"June 24, 2024",03:47
350,Cape Canaveral,Starlink,"~17,100 kg",LEO,SpaceX,"Success
",F9B5,Success (,"June 27, 2024",11:14
351,Vandenberg,Starshield,U,SSO,NRO,"Success
",F9B5,Success (,"June 29, 2024",03:14
352,Cape Canaveral,Starlink,"~16,300 kg",LEO,SpaceX,"Success
",F9B5,Success (,"July 3, 2024",08:55
353,Cape Canaveral,Türksat 6A,"4,250 kg",GTO,Türksat,"Success
",F9B5,Success (,"July 8, 2024",23:30
354,Vandenberg,Starlink,"~16,300 kg",LEO,SpaceX,"Failure
",F9B5,Success (,"July 12, 2024",02:35
355,Kennedy,Starlink,"~17,100 kg",LEO,SpaceX,"Success
",F9B5,Success (,"July 27, 2024",05:45
356,Cape Canaveral,Starlink,"~17,100 kg",LEO,SpaceX,"Success
",F9B5,Success (,"July 28, 2024",05:09
357,Vandenberg,Starlink,"~16,500 kg",LEO,SpaceX,"Success
",F9B5,Success (,"July 28, 2024",09:22
358,Kennedy,Starlink,"~17,100 kg",LEO,SpaceX,"Success
",F9B5,Success (,"August 2, 2024",05:01
359,Vandenberg,Starlink,"~17,100 kg",LEO,SpaceX,"Success
",F9B5,Success (,"August 4, 2024",07:24
360,Cape Canaveral,"CRS NG-21 (S.S. Francis R. ""Dick"" Scobee)","3,857 kg",LEO,Northrop Grumman,"Success
",F9B5,Success (,"August 4, 2024",15:02
361,Cape Canaveral,Starlink,"~16,500 kg",LEO,SpaceX,"Success
",F9B5,Success (,"August 10, 2024",12:50
362,Vandenberg,,"~7,230 kg",Molniya,Space Norway,"Success
",F9B5,Success (,"August 12, 2024",02:02
363,Kennedy,Starlink,"~17,100 kg",LEO,SpaceX,"Success
",F9B5,Success (,"August 12, 2024",10:37
364,Cape Canaveral,WorldView Legion,"1,500 kg",LEO,Maxar Technologies,"Success
",F9B5,Success (,"August 15, 2024",13:00
365,Vandenberg,Transporter-11,U,SSO,,"Success
",F9B5,Success (,"August 16, 2024",18:56
366,Cape Canaveral,Starlink,"~16,700 kg",LEO,SpaceX,"Success
",F9B5,Success (,"August 20, 2024",13:20
367,Cape Canaveral,Starlink,"~16,700 kg",LEO,SpaceX,"Success
",F9B5,Failure (,"August 28, 2024",07:48
368,Cape Canaveral,Starlink,"~16,700 kg",LEO,SpaceX,"Success
",F9B5,Success (,"August 31, 2024",07:43
369,Vandenberg,Starlink,"~16,700 kg",LEO,SpaceX,"Success
",F9B5,Success (,"August 31, 2024",08:48
370,Cape Canaveral,Starlink,"~16,700 kg",LEO,SpaceX,"Success
",F9B5,Success (,"September 5, 2024",15:33
371,Vandenberg,Starshield,U,LEO,NRO,"Success
",F9B5,Success (,"September 6, 2024",03:20
372,Kennedy,Polaris Dawn,"~13,000 kg",LEO,Polaris Program,"Success
",F9B5,Success (,"September 10, 2024",09:23
373,Cape Canaveral,,"7,500 kg",LEO,AST SpaceMobile,"Success
",F9B5,Success (,"September 12, 2024",08:52
374,Vandenberg,Starlink,"~16,700 kg",LEO,SpaceX,"Success
",F9B5,Success (,"September 13, 2024",01:45
375,Cape Canaveral,Galileo,"1,600 kg",MEO,ESA,"Success
",F9B5,Success (,"September 17, 2024",22:50
376,Vandenberg,Starlink,"~16,300 kg",LEO,SpaceX,"Success
",F9B5,Success (,"September 20, 2024",13:50
377,Vandenberg,Starlink,"~16,300 kg",LEO,SpaceX,"Success
",F9B5,Success (,"September 25, 2024",04:01
378,Cape Canaveral,Crew-9,"~13,000 kg",LEO,NASA,"Success
",F9B5,Success (,"September 28, 2024",17:17
379,Cape Canaveral,Hera,"1,108 kg",Heliocentric,ESA,"Success
",F9B5,"No attempt
","October 7, 2024",14:52
380,Cape Canaveral,Starlink,"~17,100 kg",LEO,SpaceX,"Success
",F9B5,Success (,"October 15, 2024",06:10
381,Vandenberg,Starlink,"~16,300 kg",LEO,SpaceX,"Success
",F9B5,Success (,"October 15, 2024",08:21
382,Cape Canaveral,Starlink,"~16,300 kg",LEO,SpaceX,"Success
",F9B5,Success (,"October 18, 2024",23:31
383,Vandenberg,OneWeb #20,"2,954 kg",Polar,OneWeb,"Success
",F9B5,Success (,"October 20, 2024",05:13
384,Cape Canaveral,Starlink,"~17,100 kg",LEO,SpaceX,"Success
",F9B5,Success (,"October 23, 2024",21:47
385,Vandenberg,NROL-167,U,LEO,NRO,"Success
",F9B5,Success (,"October 24, 2024",17:13
386,Cape Canaveral,Starlink,"~16,700 kg",LEO,SpaceX,"Success
",F9B5,Success (,"October 26, 2024",21:47
387,Vandenberg,Starlink,"~16,300 kg",LEO,SpaceX,"Success
",F9B5,Success (,"October 30, 2024",12:07
388,Cape Canaveral,Starlink,"~17,100 kg",LEO,SpaceX,"Success
",F9B5,Success (,"October 30, 2024",21:10
389,Kennedy,SpaceX CRS-31,"2,762 kg",LEO,NASA,"Success
",F9B5,Success (,"November 5, 2024",02:29
390,Cape Canaveral,Starlink,"~17,100 kg",LEO,SpaceX,"Success
",F9B5,Success (,"November 7, 2024",20:19
391,Vandenberg,Starlink,"~16,300 kg",LEO,SpaceX,"Success
",F9B5,Success (,"November 9, 2024",06:14
392,Kennedy,Koreasat,"3,500 kg",GTO,KT Sat,"Success
",F9B5,Success (,11 November 2024,17:22
393,Cape Canaveral,Starlink,"~17,500 kg",LEO,SpaceX,"Success
",F9B5,Success (,"November 11, 2024",21:28
394,Vandenberg,Starlink,"~16,300 kg",LEO,SpaceX,"Success
",F9B5,Success (,"November 14, 2024",05:23
395,Cape Canaveral,Starlink,"~17,500 kg",LEO,SpaceX,"Success
",F9B5,Success (,"November 14, 2024",13:21
396,Kennedy,Optus,"~4,000 kg",GTO,Optus,"Success
",F9B5,Success (,"November 17, 2024",22:28
397,Vandenberg,Starlink,"~16,300 kg",LEO,SpaceX,"Success
",F9B5,Success (,"November 18, 2024",05:53
398,Cape Canaveral,GSAT-20,"4,700 kg",GTO,New Space India Limited,"Success
",F9B5,Success (,"November 18, 2024",18:31
399,Cape Canaveral,Starlink,"~17,500 kg",LEO,SpaceX,"Success
",F9B5,Success (,"November 21, 2024",16:07
400,Vandenberg,Starlink,"~16,300 kg",LEO,SpaceX,"Success
",F9B5,Success (,"November 24, 2024",05:25
401,Cape Canaveral,Starlink,"~17,100 kg",LEO,SpaceX,"Success
",F9B5,Success (,"November 25, 2024",10:02
402,Kennedy,Starlink,"~17,500 kg",LEO,SpaceX,"Success
",F9B5,Success (,"November 27, 2024",04:41
403,Cape Canaveral,Starlink,"~17,500 kg",LEO,SpaceX,"Success
",F9B5,Success (,"November 30, 2024",05:00
404,Vandenberg,NROL-126,"~16,100 kg",LEO,NRO,"Success
",F9B5,Success (,"November 30, 2024",08:10
405,Cape Canaveral,Starlink,"~17,500 kg",LEO,SpaceX,"Success
",F9B5,Success (,"December 4, 2024",10:13
406,Vandenberg,Starlink,"~16,300 kg",LEO,SpaceX,"Success
",F9B5,Success (,"December 5, 2024",03:05
407,Kennedy,SXM-9,"7,000 kg",GTO,Sirius XM,"Success
",F9B5,Success (,"December 5, 2024",16:10
408,Cape Canaveral,Starlink,"~17,100 kg",LEO,SpaceX,"Success
",F9B5,Success (,"December 8, 2024",05:12
409,Vandenberg,Starlink,"~16,700 kg",LEO,SpaceX,"Success
",F9B5,Success (,"December 13, 2024",21:55
410,Cape Canaveral,GPS III,"~4,350 kg",MEO,USSF,"Success
",F9B5,Success (,"December 17, 2024",00:52
411,Vandenberg,Starshield,U,LEO,NRO,"Success
",F9B5,Success (,"December 17, 2024",13:19
412,Kennedy,O3b mPOWER,"3,400 kg",MEO,SES,"Success
",F9B5,Success (,"December 17, 2024",22:26
413,Vandenberg,Bandwagon-2,800 kg,LEO,Republic of Korea Armed Forces,"Success
",F9B5,Success (,"December 21, 2024",11:34
414,Kennedy,Starlink,"~16,500 kg",LEO,SpaceX,"Success
",F9B5,Success (,"December 23, 2024",05:35
415,Vandenberg,Starlink,"~16,700 kg",LEO,SpaceX,"Success
",F9B5,Success (,"December 29, 2024",01:58
416,Cape Canaveral,Astranis,"1,600 kg",GTO,Astranis,"Success
",F9B5,Success (,"December 29, 2024",05:00
417,Kennedy,Starlink,"~16,500 kg",LEO,SpaceX,"Success
",F9B5,Success (,"December 31, 2024",05:39
418,Cape Canaveral,Thuraya 4-NGS,"5,000 kg",GTO,Thuraya,"Success
",F9B5,Success (,"January 4, 2025",01:27
419,Cape Canaveral,Starlink,"~17,500 kg",LEO,SpaceX,"Success
",F9B5,Success (,"January 6, 2025",20:43
420,Kennedy,Starlink,"~16,500 kg",LEO,SpaceX,"Success
",F9B5,Success (,"January 8, 2025",15:27
421,Vandenberg,Starshield,U,LEO,NRO,"Success
",F9B5,Success (,"January 10, 2025",03:53
422,Cape Canaveral,Starlink,"~16,500 kg",LEO,SpaceX,"Success
",F9B5,Success (,"January 10, 2025",19:11
423,Cape Canaveral,Starlink,"~16,500 kg",LEO,SpaceX,"Success
",F9B5,Success (,"January 13, 2025",16:47
424,Vandenberg,Transporter-12,"2,000 kg",SSO,,"Success
",F9B5,Success (,"January 14, 2025",19:09
425,Kennedy,Blue Ghost Mission 1,"2,517 kg",TLI,Firefly Aerospace,"Success
",F9B5,Success (,"January 15, 2025",06:11
426,Kennedy,Starlink,"~15,300 kg",LEO,SpaceX,"Success
",F9B5,Success (,"January 21, 2025",05:24
427,Vandenberg,Starlink,"~15,500 kg",LEO,SpaceX,"Success
",F9B5,Success (,"January 21, 2025",15:45
428,Vandenberg,Starlink,"~17,100 kg",LEO,SpaceX,"Success
",F9B5,Success (,"January 24, 2025",14:07
429,Cape Canaveral,Starlink,"~16,500 kg",LEO,SpaceX,"Success
",F9B5,Success (,"January 27, 2025",22:05
430,Kennedy,Spainsat NG,"6,100 kg",GTO,Hisdesat,"Success
",F9B5,"No attempt
","January 30, 2025",01:34
431,Vandenberg,Starlink,"~16,700 kg",LEO,SpaceX,"Success
",F9B5,Success (,"February 1, 2025",23:02
432,Cape Canaveral,Starlink,"~16,500 kg",LEO,SpaceX,"Success
",F9B5,Success (,"February 4, 2025",10:15
433,Kennedy,WorldView Legion,"1,500 kg",LEO,Maxar Technologies,"Success
",F9B5,Success (,"February 4, 2025",23:13
434,Cape Canaveral,Starlink,"~16,500 kg",LEO,SpaceX,"Success
",F9B5,Success (,"February 8, 2025",19:18
435,Vandenberg,Starlink,"~17,100 kg",LEO,SpaceX,"Success
",F9B5,Success (,"February 11, 2025",02:09
436,Cape Canaveral,Starlink,"~16,500 kg",LEO,SpaceX,"Success
",F9B5,Success (,"February 11, 2025",18:53
437,Cape Canaveral,Starlink,"~16,500 kg",LEO,SpaceX,"Success
",F9B5,Success (,"February 15, 2025",06:14
438,Cape Canaveral,Starlink,"~17,100 kg",LEO,SpaceX,"Success
",F9B5,Success (,"February 18, 2025",23:21
439,Cape Canaveral,Starlink,"~17,100 kg",LEO,SpaceX,"Success
",F9B5,Success (,"February 21, 2025",15:19
440,Vandenberg,Starlink,"~16,800 kg",LEO,SpaceX,"Success
",F9B5,Success (,"February 23, 2025",01:38
441,Kennedy,IM-2,U,TLI,NASA,"Success
",F9B5,Success (,"February 27, 2025",00:16
442,Cape Canaveral,Starlink,"~16,500 kg",LEO,SpaceX,"Success
",F9B5[,Success (,"February 27, 2025",03:34
443,Cape Canaveral,Starlink,"~16,500 kg",LEO,SpaceX,"Success
",F9B5,Failure (,"March 3, 2025",02:24
444,Vandenberg,SPHEREx,758 kg,SSO,NASA,"Success
",F9B5,Success (,"March 12, 2025",03:10
445,Cape Canaveral,Starlink,"~16,500 kg",LEO,SpaceX,"Success
",F9B5,Success (,"March 13, 2025",02:35
446,Kennedy,Crew-10,"~13,000 kg",LEO,NASA,"Success
",F9B5,Success (,"March 14, 2025",23:03
447,Vandenberg,Transporter-13,U,SSO,,"Success
",F9B5,Success (,"March 15, 2025",06:43
448,Cape Canaveral,Starlink,"~17,100 kg",LEO,SpaceX,"Success
",F9B5,Success (,"March 15, 2025",11:35
449,Cape Canaveral,Starlink,"~17,100 kg",LEO,SpaceX,"Success
",F9B5,Success (,"March 18, 2025",19:57
450,Vandenberg,NROL-57,U,LEO,NRO,"Success
",F9B5,Success (,"March 21, 2025",06:49
451,Cape Canaveral,NROL-69,U,LEO,USSF,"Success
",F9B5,Success (,"March 24, 2025",17:48
452,Vandenberg,Starlink,"~15,500 kg",LEO,SpaceX,"Success
",F9B5,Success (,"March 26, 2025",22:11
453,Cape Canaveral,Starlink,"~16,100 kg",LEO,SpaceX,"Success
",F9B5,Success (,"March 31, 2025",19:52
454,Kennedy,Fram2,"~13,000 kg",Polar,Chun Wang,"Success
",F9B5,Success (,"April 1, 2025",01:46
455,Vandenberg,Starlink,"~15,500 kg",LEO,SpaceX,"Success
",F9B5,Success (,"April 4, 2025",01:02
456,Cape Canaveral,Starlink,"~16,100 kg",LEO,SpaceX,"Success
",F9B5,Success (,"April 6, 2025",03:07
457,Vandenberg,Starlink,"~15,500 kg",LEO,SpaceX,"Success
",F9B5,Success (,"April 7, 2025",23:06
458,Vandenberg,NROL-192,U,LEO,NRO,"Success
",F9B5,Success (,"April 12, 2025",12:25
459,Kennedy,Starlink,"~16,500 kg",LEO,SpaceX,"Success
",F9B5,Success (,"April 13, 2025",00:53
460,Cape Canaveral,Starlink,"~15,500 kg",LEO,SpaceX,"Success
",F9B5,Success (,"April 14, 2025",04:00
461,Vandenberg,NROL-145,U,LEO,NRO,"Success
",F9B5,Success (,"April 20, 2025",12:29
462,Kennedy,SpaceX CRS-32,"3,021 kg",LEO,NASA,"Success
",F9B5,Success (,"April 21, 2025",08:15
463,Cape Canaveral,Bandwagon-3,U,LEO,Republic of Korea Armed Forces,"Success
",F9B5,Success (,"April 22, 2025",00:48
464,Cape Canaveral,Starlink,"~16,100 kg",LEO,SpaceX,"Success
",F9B5,Success (,"April 25, 2025",01:52
465,Cape Canaveral,Starlink,"~17,100 kg",LEO,SpaceX,"Success
",F9B5,Success (,"April 28, 2025",02:09
466,Vandenberg,Starlink,"~15,500 kg",LEO,SpaceX,"Success
",F9B5,Success (,"April 28, 2025",20:42
467,Kennedy,Starlink,"~17,100 kg",LEO,SpaceX,"Success
",F9B5,Success (,"April 29, 2025",02:34
468,Cape Canaveral,Starlink,"~16,100 kg",LEO,SpaceX,"Success
",F9B5,Success (,"May 2, 2025",01:51
469,Kennedy,Starlink,"~16,675 kg",LEO,SpaceX,"Success
",F9B5,Success (,"May 4, 2025",08:54
470,Cape Canaveral,Starlink,"~16,100 kg",LEO,SpaceX,"Success
",F9B5,Success (,"May 7, 2025",01:17
471,Vandenberg,Starlink,"~14,950 kg",LEO,SpaceX,"Success
",F9B5,Success (,"May 10, 2025",00:19
472,Cape Canaveral,Starlink,"~16,100 kg",LEO,SpaceX,"Success
",F9B5,Success (,"May 10, 2025",06:28
473,Vandenberg,Starlink,"~14,950 kg",LEO,SpaceX,"Success
",F9B5,Success (,"May 13, 2025",01:15
474,Kennedy,Starlink,"~16,100 kg",LEO,SpaceX,"Success
",F9B5,Success (,"May 13, 2025",05:02
475,Cape Canaveral,Starlink,"~16,100 kg",LEO,SpaceX,"Success
",F9B5,Success (,"May 14, 2025",16:38
476,Vandenberg,Starlink,"~14,950 kg",LEO,SpaceX,"Success
",F9B5,Success (,"May 16, 2025",13:43
477,Cape Canaveral,Starlink,"~17,100 kg",LEO,SpaceX,"Success
",F9B5,Success (,"May 21, 2025",03:19
478,Vandenberg,Starlink,"~15,500 kg",LEO,SpaceX,"Success
",F9B5,Success (,"May 23, 2025",22:32
479,Cape Canaveral,Starlink,"~17,100 kg",LEO,SpaceX,"Success
",F9B5,Success (,"May 24, 2025",17:19
480,Vandenberg,Starlink,"~17,500 kg",SSO,SpaceX,"Success
",F9B5,Success (,"May 27, 2025",16:57
481,Kennedy,Starlink,"~15,500 kg",LEO,SpaceX,"Success
",F9B5,Success (,"May 28, 2025",13:30
482,Cape Canaveral,GPS III,"4,350 kg",MEO,USSF,"Success
",F9B5,Success (,"May 30, 2025",17:37
483,Vandenberg,Starlink,"~15,500 kg",LEO,SpaceX,"Success
",F9B5,Success (,"May 31, 2025",20:10
484,Cape Canaveral,Starlink,"~17,100 kg",LEO,SpaceX,"Success
",F9B5,Success (,"June 3, 2025",04:43
485,Vandenberg,Starlink,"~15,500 kg",LEO,SpaceX,"Success
",F9B5,Success (,"June 4, 2025",23:40
486,Cape Canaveral,SXM-10,"6,400 kg",GTO,Sirius XM,"Success
",F9B5,Success (,"June 7, 2025",04:54
487,Vandenberg,Starlink,"~14,950 kg",LEO,SpaceX,"Success
",F9B5,Success (,"June 8, 2025",14:20
488,Cape Canaveral,Starlink,"~17,100 kg",LEO,SpaceX,"Success
",F9B5,Success (,"June 10, 2025",13:05
489,Vandenberg,Starlink,"~14,950 kg",LEO,SpaceX,"Success
",F9B5,Success (,"June 13, 2025",01:54
490,Cape Canaveral,Starlink,"~17,100 kg",LEO,SpaceX,"Success
",F9B5,Success (,"June 13, 2025",15:29
491,Vandenberg,Starlink,"~14,950 kg",LEO,SpaceX,"Success
",F9B5,Success (,"June 17, 2025",03:36
492,Cape Canaveral,Starlink,"~16,100 kg",LEO,SpaceX,"Success
",F9B5,Success (,"June 18, 2025",05:55
493,Cape Canaveral,Starlink,"~15,500 kg",LEO,SpaceX,"Success
",F9B5,Success (,"June 23, 2025",05:58
494,Vandenberg,Transporter-14,U,SSO,,"Success
",F9B5,Success (,"June 23, 2025",21:25
495,Kennedy,Axiom Mission 4,"~13,000 kg",LEO,Axiom Space,"Success
",F9B5,Success (,"June 25, 2025",06:31
496,Cape Canaveral,Starlink,"~15,500 kg",LEO,SpaceX,"Success
",F9B5,Success (,"June 25, 2025",19:54
497,Cape Canaveral,Starlink,"~15,500 kg",LEO,SpaceX,"Success
",F9B5,Success (,"June 28, 2025",04:26
498,Vandenberg,Starlink,"~14,950 kg",LEO,SpaceX,"Success
",F9B5,Success (,"June 28, 2025",17:13
499,Kennedy,MTG-S1,"3,800 kg",GTO,EUMETSAT,"Success
",F9B5,Success (,"July 1, 2025",21:04
500,Cape Canaveral,Starlink,"~15,500 kg",LEO,SpaceX,"Success
",F9B5,Success (,"July 2, 2025",06:28
501,Cape Canaveral,Starlink,"~16,100 kg",LEO,SpaceX,"Success
",F9B5,Success (,"July 8, 2025",08:21
502,Cape Canaveral,Dror-1,"4,000 kg",GTO,IAI,"Success
",F9B5,Success (,"July 13, 2025",05:04
503,Vandenberg,Starlink,"~14,950 kg",LEO,SpaceX,"Success
",F9B5,Success (,"July 16, 2025",02:05
504,Cape Canaveral,KuiperSat,"~14,784 kg",LEO,Amazon,"Success
",F9B5,Success (,"July 16, 2025",06:30
505,Vandenberg,Starlink,"~17,500 kg",SSO,SpaceX,"Success
",F9B5,Success (,"July 19, 2025",03:52
506,Cape Canaveral,O3b mPOWER,"3,400 kg",MEO,SES,"Success
",F9B5,Success (,"July 22, 2025",21:12
507,Vandenberg,TRACERS,~920 kg,SSO,NASA,"Success
",F9B5,Success (,"July 23, 2025",18:13
508,Cape Canaveral,Starlink,"~16,100 kg",LEO,SpaceX,"Success
",F9B5,Success (,"July 26, 2025",09:01
509,Vandenberg,Starlink,"~17,500 kg",SSO,SpaceX,"Success
",F9B5,Success (,"July 27, 2025",04:31
510,Cape Canaveral,Starlink,"~16,100 kg",LEO,SpaceX,"Success
",F9B5,Success (,"July 30, 2025",03:37
511,Vandenberg,Starlink,"~14,060 kg",SSO,SpaceX,"Success
",F9B5,Success (,"July 31, 2025",18:35
512,Kennedy,Crew-11,"~13,000 kg",LEO,NASA,"Success
",F9B5,Success (,"August 1, 2025",15:43
513,Cape Canaveral,Starlink,"~16,100 kg",LEO,SpaceX,"Success
",F9B5,Success (,"August 4, 2025",07:57
514,Cape Canaveral,KuiperSat,"~14,784 kg",LEO,Amazon,"Success
",F9B5,Success (,"August 11, 2025",12:35
515,Vandenberg,Starlink,"~17,500 kg",SSO,SpaceX,"Success
",F9B5,Success (,"August 14, 2025",05:05
516,Cape Canaveral,Starlink,"~16,100 kg",LEO,SpaceX,"Success
",F9B5,Success (,"August 14, 2025",12:29
517,Vandenberg,Starlink,"~17,500 kg",SSO,SpaceX,"Success
",F9B5,Success (,"August 18, 2025",16:26
518,Kennedy,USSF-36,"~4,990 kg",LEO,USSF,"Success
",F9B5[,Success (,"August 22, 2025",03:50
519,Vandenberg,Starlink,"~17,500 kg",SSO,SpaceX,"Success
",F9B5,Success (,"August 22, 2025",17:04
520,Cape Canaveral,SpaceX CRS-33,"2,300 kg",LEO,NASA,"Success
",F9B5,Success (,"August 24, 2025",06:45
521,Vandenberg,NAOS,"~1,370 kg",SSO,Luxembourg Armed Forces,"Success
",F9B5,Success (,"August 26, 2025",18:53
522,Cape Canaveral,Starlink,"~16,100 kg",LEO,SpaceX,"Success
",F9B5,Success (,"August 27, 2025",11:10
523,Kennedy,Starlink,"~16,100 kg",LEO,SpaceX,"Success
",F9B5,Success (,"August 28, 2025",08:12
524,Vandenberg,Starlink,"~17,500 kg",SSO,SpaceX,"Success
",F9B5,Success (,"August 30, 2025",04:59
525,Cape Canaveral,Starlink,"~16,100 kg",LEO,SpaceX,"Success
",F9B5,Success (,"August 31, 2025",11:49
526,Vandenberg,Starlink,"~17,500 kg",SSO,SpaceX,"Success
",F9B5,Success (,"September 3, 2025",03:51
527,Cape Canaveral,Starlink,"~16,100 kg",LEO,SpaceX,"Success
",F9B5,Success (,"September 3, 2025",11:56
528,Kennedy,Starlink,"~16,100 kg",LEO,SpaceX,"Success
",F9B5,Success (,"September 5, 2025",12:32
529,Vandenberg,Starlink,"~17,500 kg",SSO,SpaceX,"Success
",F9B5,Success (,"September 6, 2025",18:06
530,Vandenberg,SDA Tranche 1 Transport Layer B,U,Polar,SDA,"Success
",F9B5,Success (,"September 10, 2025",14:12
531,Cape Canaveral,Nusantara Lima,"~7,800 kg",GTO,PT Pasifik Satelit Nusantara,"Success
",F9B5,Success (,"September 12, 2025",01:56
532,Vandenberg,Starlink,"~17,500 kg",SSO,SpaceX,"Success
",F9B5,Success (,"September 13, 2025",17:55
533,Cape Canaveral,"CRS NG-23 (S.S. William ""Willie"" C. McCool)","5,000 kg",LEO,Northrop Grumman,"Success
",F9B5,Success (,"September 14, 2025",22:11
534,Cape Canaveral,Starlink,"~16,100 kg",LEO,SpaceX,"Success
",F9B5,Success (,"September 18, 2025",09:30
535,Vandenberg,Starlink,"~17,500 kg",SSO,SpaceX,"Success
",F9B5,Success (,"September 19, 2025",16:31
536,Cape Canaveral,Starlink,"~16,100 kg",LEO,SpaceX,"Success
",F9B5,Success (,"September 21, 2025",10:53
537,Vandenberg,NROL-48,U,LEO,NRO,"Success
",F9B5,Success (,"September 22, 2025",17:38
538,Kennedy,Interstellar Mapping and Acceleration Probe,"1,477 kg",,NASA,"Success
",F9B5,Success (,"September 24, 2025",11:30
539,Cape Canaveral,Starlink,"~16,100 kg",LEO,SpaceX,"Success
",F9B5,Success (,"September 25, 2025",08:39
540,Vandenberg,Starlink,"~17,500 kg",SSO,SpaceX,"Success
",F9B5,Success (,"September 26, 2025",04:26
541,Vandenberg,Starlink,"~16,100 kg",LEO,SpaceX,"Success
",F9B5,Success (,"September 29, 2025",02:04
542,Vandenberg,Starlink,"~16,100 kg",LEO,SpaceX,"Success
",F9B5,Success (,"October 3, 2025",14:06
543,Cape Canaveral,Starlink,"~16,100 kg",LEO,SpaceX,"Success
",F9B5,Success (,"October 7, 2025",06:46
544,Vandenberg,Starlink,"~16,100 kg",LEO,SpaceX,"Success
",F9B5,Success (,"October 8, 2025",03:54
545,Cape Canaveral,KuiperSat,"~14,784 kg",LEO,Amazon,"Success
",F9B5,Success (,"October 14, 2025",01:58
546,Vandenberg,SDA Tranche 1 Transport Layer C,U,Polar,SDA,"Success
",F9B5,Success (,"October 15, 2025",23:06
547,Cape Canaveral,Starlink,"~16,100 kg",LEO,SpaceX,"Success
",F9B5,Success (,"October 16, 2025",09:27
548,Cape Canaveral,Starlink,"~16,100 kg",LEO,SpaceX,"Success
",F9B5,Success (,"October 19, 2025",17:39
549,Vandenberg,Starlink,"~16,100 kg",LEO,SpaceX,"Success
",F9B5,Success (,"October 19, 2025",19:24
550,Vandenberg,Starlink,"~16,100 kg",LEO,SpaceX,"Success
",F9B5,Success (,"October 22, 2025",14:16
551,Cape Canaveral,Spainsat NG,"6,100 kg",GTO,Hisdesat,"Success
",F9B5,"No attempt
","October 24, 2025",01:30
552,Vandenberg,Starlink,"~16,100 kg",LEO,SpaceX,"Success
",F9B5,Success (,"October 25, 2025",14:20
553,Cape Canaveral,Starlink,"~16,100 kg",LEO,SpaceX,"Success
",F9B5,Success (,"October 26, 2025",15:00
554,Vandenberg,Starlink,"~16,100 kg",LEO,SpaceX,"Success
",F9B5,Success (,"October 28, 2025",00:43
555,Cape Canaveral,Starlink,"~16,675 kg",LEO,SpaceX,"Success
",F9B5,Success (,"October 29, 2025",16:35
556,Vandenberg,Starlink,"~16,100 kg",LEO,SpaceX,"Success
",F9B5,Success (,"October 31, 2025",20:41
557,Cape Canaveral,Bandwagon-4,U,LEO,,"Success
",F9B5,Success (,"November 2, 2025",05:09
558,Cape Canaveral,Starlink,"~16,675 kg",LEO,SpaceX,"Success
",F9B5,Success (,"November 6, 2025",01:31
559,Vandenberg,Starlink,"~16,100 kg",LEO,SpaceX,"Success
",F9B5,Success (,"November 6, 2025",21:13
560,Kennedy,Starlink,"~16,675 kg",LEO,SpaceX,"Success
",F9B5,Success (,"November 9, 2025",08:10
561,Cape Canaveral,Starlink,"~16,675 kg",LEO,SpaceX,"Success
",F9B5,Success (,"November 11, 2025",03:21
562,Kennedy,Starlink,"~16,675 kg",LEO,SpaceX,"Success
",F9B5,Success (,"November 15, 2025",03:08
563,Cape Canaveral,Starlink,"~16,675 kg",LEO,SpaceX,"Success
",F9B5,Success (,"November 15, 2025",06:44
564,Vandenberg,Sentinel-6B,"1,440 kg",LEO,NASA,"Success
",F9B5,Success (,"November 17, 2025",05:21
565,Cape Canaveral,Starlink,"~16,675 kg",LEO,SpaceX,"Success
",F9B5,Success (,"November 19, 2025",00:12
566,Kennedy,Starlink,"~16,675 kg",LEO,SpaceX,"Success
",F9B5,Success (,"November 21, 2025",03:39
567,Cape Canaveral,Starlink,"~16,675 kg",LEO,SpaceX,"Success
",F9B5,Success (,"November 22, 2025",07:53
568,Vandenberg,Starlink,"~16,100 kg",LEO,SpaceX,"Success
",F9B5,Success (,"November 23, 2025",08:48
569,Vandenberg,Transporter-15,U,SSO,,"Success
",F9B5,Success (,"November 28, 2025",18:44
570,Kennedy,Starlink,"~16,675 kg",LEO,SpaceX,"Success
",F9B5,Success (,"December 1, 2025",07:44
571,Vandenberg,Starlink,"~15,525 kg",LEO,SpaceX,"Success
",F9B5,Success (,"December 2, 2025",05:28
572,Cape Canaveral,Starlink,"~16,675 kg",LEO,SpaceX,"Success
",F9B5,Success (,"December 2, 2025",22:18
573,Vandenberg,Starlink,"~16,100 kg",LEO,SpaceX,"Success
",F9B5,Success (,"December 4, 2025",20:42
574,Vandenberg,Starlink,"~16,100 kg",LEO,SpaceX,"Success
",F9B5,Success (,"December 7, 2025",17:58
575,Kennedy,Starlink,"~16,675 kg",LEO,SpaceX,"Success
",F9B5,Success (,"December 8, 2025",22:26
576,Cape Canaveral,NROL-77,U,LEO,NRO,"Success
",F9B5,Success (,"December 9, 2025",19:16
577,Vandenberg,Starlink,"~15,525 kg",LEO,SpaceX,"Success
",F9B5,Success (,"December 10, 2025",11:40
578,Cape Canaveral,Starlink,"~16,675 kg",LEO,SpaceX,"Success
",F9B5,Success (,"December 11, 2025",22:01
579,Vandenberg,Starlink,"~15,525 kg",LEO,SpaceX,"Success
",F9B5,Success (,"December 14, 2025",05:49
580,Cape Canaveral,Starlink,"~16,675 kg",LEO,SpaceX,"Success
",F9B5,Success (,"December 15, 2025",05:25
581,Kennedy,Starlink,"~16,675 kg",LEO,SpaceX,"Success
",F9B5,Success (,"December 17, 2025",13:42
582,Vandenberg,Starlink,"~15,525 kg",LEO,SpaceX,"Success
",F9B5,Success (,"December 17, 2025",15:27
583,Vandenberg,CSG-3,"2,230 kg",SSO,ASI,"Success
",F9B5,Success (,"January 3, 2026",02:09
584,Cape Canaveral,Starlink,"~16,675 kg",LEO,SpaceX,"Success
",F9B5,Success (,"January 4, 2026",06:48
585,Cape Canaveral,Starlink,"~16,675 kg",LEO,SpaceX,"Success
",F9B5,Success (,"January 9, 2026",21:41
586,Vandenberg,Twilight,325 kg,SSO,NASA,"Success
",F9B5,Success (,"January 11, 2026",13:44
587,Cape Canaveral,Starlink,"~16,675 kg",LEO,SpaceX,"Success
",F9B5,Success (,"January 12, 2026",21:08
588,Cape Canaveral,Starlink,"~16,675 kg",LEO,SpaceX,"Success
",F9B5,Success (,"January 14, 2026",18:08
589,Vandenberg,NROL-105,U,LEO,NRO,"Success
",F9B5,Success (,"January 17, 2026",04:39
590,Cape Canaveral,Starlink,"~16,675 kg",LEO,SpaceX,"Success
",F9B5,Success (,"January 18, 2026",23:31
591,Vandenberg,Starlink,"~14,375 kg",SSO,SpaceX,"Success
",F9B5,Success (,"January 22, 2026",05:47
592,Vandenberg,Starlink,"~14,375 kg",SSO,SpaceX,"Success
",F9B5,Success (,"January 25, 2026",17:30
593,Cape Canaveral,GPS III,"4,350 kg",MEO,USSF,"Success
",F9B5,Success (,"January 28, 2026",04:53
594,Vandenberg,Starlink,"~14,375 kg",SSO,SpaceX,"Success
",F9B5,Success (,"January 29, 2026",17:53
595,Cape Canaveral,Starlink,"~16,675 kg",LEO,SpaceX,"Success
",F9B5,Success (,"January 30, 2026",07:22
596,Vandenberg,Starlink,"~14,375 kg",SSO,SpaceX,"Success
",F9B5,Success (,"February 2, 2026",15:47
597,Vandenberg,Starlink,"~14,375 kg",SSO,SpaceX,"Success
",F9B5,Success (,"February 7, 2026",20:58
598,Vandenberg,Starlink,"~13,800 kg",SSO,SpaceX,"Success
",F9B5,Success (,"February 11, 2026",17:11
599,Cape Canaveral,Crew-12,"~13,000 kg",LEO,NASA,"Success
",F9B5,Success (,"February 13, 2026",10:15
600,Vandenberg,Starlink,"~13,800 kg",SSO,SpaceX,"Success
",F9B5,Success (,"February 15, 2026",01:59
601,Cape Canaveral,Starlink,"~16,675 kg",LEO,SpaceX,"Success
",F9B5,Success (,"February 16, 2026",07:59
602,Cape Canaveral,Starlink,"~16,675 kg",LEO,SpaceX,"Success
",F9B5,Success (,"February 20, 2026",01:41
603,Vandenberg,Starlink,"~14,375 kg",SSO,SpaceX,"Success
",F9B5,Success (,"February 21, 2026",09:04
604,Cape Canaveral,Starlink,"~16,100 kg",LEO,SpaceX,"Success
",F9B5,Success (,"February 22, 2026",03:47
605,Cape Canaveral,Starlink,"~16,675 kg",LEO,SpaceX,"Success
",F9B5,Success (,"February 24, 2026",23:04
606,Vandenberg,Starlink,"~14,375 kg",SSO,SpaceX,"Success
",F9B5,Success (,"February 25, 2026",14:17
607,Cape Canaveral,Starlink,"~16,675 kg",LEO,SpaceX,"Success
",F9B5,Success (,"February 27, 2026",12:16
608,Vandenberg,Starlink,"~14,375 kg",SSO,SpaceX,"Success
",F9B5,Success (,"March 1, 2026",10:10
609,Cape Canaveral,Starlink,"~16,675 kg",LEO,SpaceX,"Success
",F9B5,Success (,"March 2, 2026",02:56
610,Cape Canaveral,Starlink,"~16,675 kg",LEO,SpaceX,"Success
",F9B5,Success (,"March 4, 2026",10:52
611,Vandenberg,Starlink,"~14,375 kg",SSO,SpaceX,"Success
",F9B5,Success (,"March 8, 2026",11:00
612,Cape Canaveral,EchoStar XXV,"6,800 kg",GTO,EchoStar,"Success
",F9B5,Success (,"March 10, 2026",04:19
613,Vandenberg,Starlink,"~14,375 kg",SSO,SpaceX,"Success
",F9B5,Success (,"March 13, 2026",14:57
614,Cape Canaveral,Starlink,"~16,675 kg",LEO,SpaceX,"Success
",F9B5,Success (,"March 14, 2026",12:37
615,Vandenberg,Starlink,"~14,375 kg",SSO,SpaceX,"Success
",F9B5,Success (,"March 17, 2026",05:19
616,Cape Canaveral,Starlink,"~16,675 kg",LEO,SpaceX,"Success
",F9B5,Success (,"March 17, 2026",13:27
617,Cape Canaveral,Starlink,"~16,675 kg",LEO,SpaceX,"Success
",F9B5,Success (,"March 19, 2026",14:20
618,Vandenberg,Starlink,"~14,375 kg",SSO,SpaceX,"Success
",F9B5,Success (,"March 20, 2026",21:51
619,Cape Canaveral,Starlink,"~16,675 kg",LEO,SpaceX,"Success
",F9B5,Success (,"March 22, 2026",14:47
620,Vandenberg,Starlink,"~14,375 kg",SSO,SpaceX,"Success
",F9B5,Success (,"March 26, 2026",23:03
621,Vandenberg,Transporter-16,U,SSO,,"Success
",F9B5,Success (,"March 30, 2026",11:02
622,Cape Canaveral,Starlink,"~16,675 kg",LEO,SpaceX,"Success
",F9B5,Success (,"March 30, 2026",21:15
623,Cape Canaveral,Starlink,"~16,675 kg",LEO,SpaceX,"Success
",F9B5,Success (,"April 2, 2026",11:55
624,Vandenberg,Starlink,"~14,375 kg",SSO,SpaceX,"Success
",F9B5,Success (,"April 7, 2026",02:50
